{
  "output_file": "settings.json",

  "autoShoutOut": {
    "type": "checkbox",
    "value": true,
    "label": "Auto ShoutOut saved casters?",
    "tooltip": "Check this box to enable or disable this feature.",
    "group": "Main Settings:"
  },

  "shoutOutOnJoin": {
    "type": "checkbox",
    "value": false,
    "label": "ShoutOut when caster joins channel?",
    "tooltip": "Check this box to enable or disable this feature. Checking this will announce saved streamers as soon as they join your channel. Having this unchecked will make the bot to announce them ONLY if they send any message on your chat.",
    "group": "Main Settings:"
  },

  "autoShoutRaiders": {
    "type": "checkbox",
    "value": false,
    "label": "Auto ShouOut raiders?",
    "tooltip": "Check this box to enable or disable this feature.",
    "group": "Main Settings:"
  },

  "shoutRaiderMessage": {
    "type": "textbox",
    "value": "Hey, peeps! We just got raided by {raider} with other {count} viewers! Visit {url} and follow this person, so you can watch gameplays of {game}!",
    "label": "Message to use for ShoutOut raiders:",
    "tooltip": "Enter the default message the bot will show for raiders if AutoShout Raiders is enabled. (Params: {raider} = raider name; {count} = viewers; {url} = raider link; {game} = last game played). NOTE: {raider}, {count}, {url} and {game}  are required!",
    "group": "Shout Raiders Settings:"
  },

  "minRaidersToShout": { 
    "type": "numberbox",
    "value": 1,
    "label": "Minimum raiders to Auto ShoutOut raider:",
    "tooltip": "Enter the required miminum raiders to join raider in order to Auto ShoutOut",
    "group":"Shout Raiders Settings:"
  },

  "addRaidersToCaster": {
    "type": "checkbox",
    "value": true,
    "label": "Save raiders to caster file?",
    "tooltip": "Check this box to enable or disable this feature. Checking this will save the raider to your casters file.",
    "group": "Shout Raiders Settings:"
  },

  "testRaider": {
    "type": "button",
    "label": "Test Raider AutoSO Settings",
    "tooltip": "Click to test raider Auto-Shoutout settings.",
    "function": "TestRaider",
    "wsevent": "",
    "group": "Shout Raiders Settings:"
  },

  "manualShoutCommand": {
    "type": "textbox",
    "value": "!caster",
    "label": "Command for manual ShoutOut",
    "tooltip": "Enter command to be used for manual ShoutOuts.",
    "group": "ShoutOut Settings:"
  },

  "shoutPerms": {
    "type": "dropdown",
    "value": "Moderator",
    "label": "Permission to use the command:",
    "items": ["Everyone", "Regular", "Subscriber", "GameWisp Subscriber", "VIP Exclusive", "VIP+", "Moderator", "Editor", "Caster"],
    "tooltip": "Only viewers with this permission will be use to use the manual ShoutOut command.",
    "group": "ShoutOut Settings:"
  },

  "defaultShoutOutMsg": {
    "type": "textbox",
    "value": "If you don't know {caster} yet, please drop them a follow at their channel at {url} so you can watch cool gameplays of {game}!",
    "label": "Default message for ShoutOuts:",
    "tooltip": "Enter the default message the bot will show for casters which are not currently in the custom caster files. (Params: {caster} = caster name; {url} = caster link; {game} = last game played). NOTE: {caster} and {url} are required for the script to work properly while {game} is optional in this field!",
    "group": "ShoutOut Settings:"
  },

  "globalCoolDown": {
    "type": "slider",
    "value": 5,
    "min": 0,
    "max": 60,
    "ticks": 5,
    "label": "Global cooldown (in seconds):",
    "tooltip": "Select the global cooldown for manual ShouOut Command.",
    "group": "ShoutOut Settings:"
  },

  "addCasterCmd": {
    "type": "textbox",
    "value": "!addcaster",
    "label": "Command to add a new caster to Auto-ShoutOut:",
    "tooltip": "Enter a command to add a caster from your saved casters file. NOTE: Only editors and casters can add a new caster to the casters file.",
    "group": "Caster Control:"
  },

  "edtCasterCmd": {
    "type": "textbox",
    "value": "!setcaster",
    "label": "Command to edit information from a caster to Auto-ShoutOut:",
    "tooltip": "Enter a command to edit a caster from your saved casters file. NOTE: Only editors and casters can edit a caster from the casters file.",
    "group": "Caster Control:"
  },

  "delCasterCmd": {
    "type": "textbox",
    "value": "!delcaster",
    "label": "Command to delete a caster from Auto-ShoutOut:",
    "tooltip": "Enter a command to delete a caster from your saved casters file. NOTE: Only editors and casters can delete a caster from the casters file.",
    "group": "Caster Control:"
  },

  "chkCasterCmd": {
    "type": "textbox",
    "value": "!chkcaster",
    "label": "Command to check info about a saved caster:",
    "tooltip": "Enter a command to check information saved of a caster from your saved casters file. NOTE: Moderators and above can inspect the caster information.",
    "group": "Caster Control:"
  },

  "listAllCasters": {
    "type": "button",
    "label": "List all saved casters",
    "tooltip": "Click here to list the casters and custom messages in the caster file.",
    "function": "ShowCasters",
    "wsevent": "",
    "group": "Caster Control:"
  },

  "delAllCasters": {
    "type": "checkbox",
    "value": false,
    "tooltip": "Check this if you want to delete all saved casters from your casters file.",
    "label": "I am sure I want to reset my casters file",
    "group": "Caster Control:"
  },

  "createBackup": {
    "type": "checkbox",
    "value": true,
    "tooltip": "Check this if you want to delete all saved casters from your casters file.",
    "label": "I want to create a backup of current casters file. (Recomended)",
    "group": "Caster Control:"
  },

  "delCasters": {
    "type": "button",
    "label": "Reset casters file",
    "tooltip": "Click here erease completly your casters file. This action can't be undone!",
    "function": "DeleteAllCasters",
    "wsevent": "",
    "group": "Caster Control:"
  },

  "printLog": {
    "type": "checkbox",
    "value": true,
    "tooltip": "Check this to enable or disable this feature.",
    "label": "Display Script log in the ChatBot?",
    "group": "ScriptLog Settings:"
  },

  "autoLog": {
    "type": "checkbox",
    "value": false,
    "tooltip": "Check this to enable or disable this feature.",
    "label": "AutoSave ScriptLog file?",
    "group": "ScriptLog Settings:"
  },

  "saveScriptLog": {
    "type": "button",
    "label": "Save ScriptLog file",
    "tooltip": "Manually saves ScriptLog file",
    "function": "LogFile",
    "wsevent": "",
    "group": "ScriptLog Settings:"
  },

  "showLogFileDir": {
    "type": "button",
    "label": "Open ScriptLog Directory",
    "tooltip": "Opens the directory with your saved ScriptLog files.",
    "function": "OpenLogDir",
    "wsevent": "",
    "group": "ScriptLog Settings:"
  },

  "devWeb": {
    "type": "button",
    "label": "Visit my Site",
    "tooltip": "Opens your browser and loads my homepage.",
    "function": "OpenWebSite",
    "wsevent": "",
    "group": "Support:"
  },

  "readFile": {
    "type": "button",
    "label": "Open ReadMe.txt",
    "tooltip": "Opens the ReadMe.txt file",
    "function": "ReadMeFile",
    "wsevent": "",
    "group": "Support:"
  },

  "changeLog": {
    "type": "button",
    "label": "Changelog",
    "tooltip": "Opens the ChangeLog.txt file",
    "function": "ChangesFile",
    "wsevent": "",
    "group": "Support:"
  }
}
