{
    "providers": [
        {
            "name": "Custom ( id = 0 )",
            "cmdref": "0",
            "url": "custom"
        },
        {
            "name": "MultiTwitch_LIVE ( id = 1 )",
            "cmdref": "1",
            "url": "multitwitch.live"
        }, {
            "name": "MultiTwitch_TV ( id = 2 )",
            "cmdref": "2",
            "url": "multitwitch.tv"
        }, {
            "name": "MultiStre_AM ( id = 3 )",
            "cmdref": "3",
            "url": "multistre.am"
        }, {
            "name": "TwitchTheater_TV ( id = 4 )",
            "cmdref": "4",
            "url": "twitchtheater.tv"
        }
    ]
}