﻿{
  "output_file": "", 
  "ReadMeFile": {
    "type": "button",
    "label": "Read this before continue",
    "tooltip": "",
    "function": "ReadMeFile",
    "wsevent": "",
    "group": ""
  },
  "InstallDashboard": {
    "type": "button",
    "label": "Install Dashboard",
    "tooltip": "",
    "function": "InstallDashboard",
    "wsevent": "",
    "group": "Dashboard Controller Settings"
  },
  "OpenDashboard": {
    "type": "button",
    "label": "Open Dashboard",
    "tooltip": "",
    "function": "OpenDashboard",
    "wsevent": "",
    "group": "Dashboard Controller Settings"
  },
  "Donate": {
    "type": "button", 
    "label": "Donate this project", 
    "tooltip": "", 
    "function": "Donate", 
    "wsevent": "", 
    "group": "Support"
  },
  "OpenWebSite": {
    "type": "button", 
    "label": "Visit my Site", 
    "tooltip": "", 
    "function": "OpenWebSite", 
    "wsevent": "", 
    "group": "Support"
  },
  "Support": {
    "type": "button",
    "label": "Support",
    "tooltip": "",
    "function": "JoinDiscord",
    "wsevent": "",
    "group": "Support"
  }
}