{
  "output_file": "settings.json",

  "fstVisitPay": {
    "type": "numberbox",
    "value": 15,
    "label": "Pay value to first time visitors:",
    "tooltip": "Set the pay amount here.",
    "group": "Welcome Settings:"
  },

  "fstVisitMsg": {
    "type": "textbox",
    "value": "/me [BOT INFO] - {viewer}, {caster} welcomes you on your first visit this channel! As a reward for your visit, you got {0} {1}!",
    "label": "Message for first time visitors:",
    "tooltip": "Enter your custom message here. (Params: {viewer} = viewer name; {caster} = caster name; {0} = amount; {1} = channel currency) NOTE: Add all parameters on your message for correct functionability!",
    "group": "Welcome Settings:"
  },

  "recVisitPay": {
    "type": "numberbox",
    "value": 50,
    "label": "Pay value to recurrent visitors:",
    "tooltip": "Set the pay amount here.",
    "group": "Welcome Settings:"
  },

  "recVisitMsg": {
    "type": "textbox",
    "value": "/me [BOT INFO] - {viewer}, {caster} welcomes you for revisiting this channel! As a reward for your visit, you got {0} {1}!",
    "label": "Message for recurrent visitors:",
    "tooltip": "Enter your custom message here. (Params: {viewer} = viewer name; {caster} = caster name; {0} = amount; {1} = channel currency) NOTE: Add all parameters on your message for correct functionability!",
    "group": "Welcome Settings:"
  },

  "subDoublePay": {
    "type": "checkbox",
    "value": true,
    "label": "Double rewards for subscribers and VIPs?",
    "tooltip": "Check this to enable or disable this feature.",
    "group": "Welcome Settings:"
  },

  "sndCasterMsg": {
    "type": "checkbox",
    "value": true,
    "label": "Send whisper notifications of new viewers to caster?",
    "tooltip": "Check this to enable or disable this feature.",
    "group": "Welcome Settings:"
  },

  "casterMsgTxt": {
    "type": "textbox",
    "value": "/me [BOT INFO] - {viewer} just joined your stream at {time}!",
    "label": "Message the caster will recieve when someone joins his stream:",
    "tooltip": "Enter your custom message here. (Params: {viewer} = viewer name; {time} = time the viewer joined the stream) NOTE: Add all parameters for correct functionability!",
    "group": "Welcome Settings:"
  },

  "setMultiOn": {
    "type": "textbox",
    "value": "!setmultion",
    "label": "Command to set the multi-stream link:",
    "tooltip": "Enter your custom command. NOTE: This command is used by moderators and above permission ranks.",
    "group": "Multi-Streaming Settings:"
  },

  "setMultiOff": {
    "type": "textbox",
    "value": "!setmultioff",
    "label": "Command to reset the multi-stream link:",
    "tooltip": "Enter your custom command. NOTE: This command is used by moderators and above permission ranks.",
    "group": "Multi-Streaming Settings:"
  },

  "setMultiGame": {
    "type": "textbox",
    "value": "!setmultigame",
    "label": "Command to set game manually:",
    "tooltip": "Enter your custom command. NOTE: This command is used by moderators and above permission ranks.",
    "group": "Multi-Streaming Settings:"
  },

  "multiDisplay": {
    "type": "textbox",
    "value": "!multi",
    "label": "Command to send multi-stream link in chat:",
    "tooltip": "Enter your custom command. NOTE: This command is used by moderators and above permission ranks.",
    "group": "Multi-Streaming Settings:"
  },

  "multiUserCD": {
    "type": "slider",
    "label": "User cooldown (in minutes):",
    "value": 5,
    "min": 0,
    "max": 15,
    "ticks": 1,
    "tooltip": "Time interval between rewards.",
    "group": "Multi-Streaming Settings:"
  },

  "multiMsg": {
    "type": "textbox",
    "value": "/me [BOT INFO] - {caster} is currently multi-streaming with {friends} at {link} ! Click the link to a multi-view of {game}!",
    "label": "Message to send in chat:",
    "tooltip": "Enter your custom message: (Params: {caster} = caster name, {friends} = other streamers, {link} = link to watch, {game} = game you are playing) NOTE: Add all parameters for correct functionability.",
    "group": "Multi-Streaming Settings:"
  },

  "multiProvider": {
    "type": "dropdown",
    "label": "Site for multi-streaming:",
    "value": "multitwitch.live",
    "tooltip": "Select your preferred provider and save the settings.",
    "items": ["multitwitch.live","multitwitch.tv","multistre.am"],
    "group": "Multi-Streaming Settings:"
  },

  "multiGame": {
    "type": "textbox",
    "value": "",
    "label": "Game to play with friends",
    "tooltip": "Enter the name of the game you are playing. Save settings after changing this field. If no game is set, the bot will automatically get your current game from stream.",
    "group": "Multi-Streaming Settings:"
  },

  "multiAutoMsg": {
    "type": "checkbox",
    "value": true,
    "label": "Allow to send auto Multi-Stream link?",
    "tooltip": "Check this to enable or disable this feature.",
    "group": "Multi-Streaming Settings:"
  },

  "multiAutoCD": {
    "type": "slider",
    "label": "Cooldown for auto Multi-Stream link post in chat (in minutes):",
    "value": 10,
    "min": 0,
    "max": 60,
    "ticks": 5,
    "tooltip": "Time interval between auto Multi-Streamin link message on chat.",
    "group": "Multi-Streaming Settings:"
  },

  "payIsLive": {
    "type": "checkbox",
    "value": true,
    "label": "Run autopay just when stream is live?",
    "tooltip": "Check this to enable or disable this feature. NOTE: If this is enabled, rewards will be given for active members during the stream session with the values saved.",
    "group": "Activity Rewards Settings:"
  },

  "autoPayOutActives": {
    "type": "checkbox",
    "value": true,
    "label": "Auto pay out active members?",
    "tooltip": "Check this to enable or disable this feature.",
    "group": "Activity Rewards Settings:"
  },

  "offlinePayment": {
    "type": "checkbox",
    "value": true,
    "label": "Allow offline payment?",
    "tooltip": "Check this to enable payment for viewers during no streaming sessions. NOTE: Enableing this will reward people on your HALF of the set value for this function. This will work ONLY when not streaming.",
    "group": "Activity Rewards Settings:"
  },

  "payOutManual": {
    "type": "textbox",
    "value": "!pay",
    "label": "Command for manualy pay all active members:",
    "tooltip": "Enter your custom command. NOTE: This command is used by moderators and above permission ranks.",
    "group": "Activity Rewards Settings:"
  },

  "payOutRndManual": {
    "type": "textbox",
    "value": "!payrnd",
    "label": "Command for manualy pay a random activve member:",
    "tooltip": "Enter your custom command. NOTE: This command is used by moderators and above permission ranks.",
    "group": "Activity Rewards Settings:"
  },

  "payActiveAmount": {
    "type": "numberbox",
    "label": "Amount to pay:",
    "value": 100,
    "tooltip": "Enter the amount to be paid to active viewers. NOTE: Vips and subscribers recieve double of the entered value automatically.",
    "group": "Activity Rewards Settings:"
  },

  "payActiveTimer": {
    "type": "slider",
    "label": "Frequency of payment (in minutes):",
    "value": 30,
    "min": 0,
    "max": 60,
    "ticks": 5,
    "tooltip": "Time interval between rewards. NOTE: This feature is NOT YET ENABLED",
    "group": "Activity Rewards Settings:"
  },

  "payActiveMsg": {
    "type": "textbox",
    "label": "Message for sucessfull payout:",
    "value": "/me [BOT INFO] - {caster} is giving away {0} {1} to {2} for being active on their chat!",
    "tooltip": "Enter here a custom message to show when paying. (Params: {caster} = caster name; {0} = value; {1} = channel currency; {2} = viewer list) NOTE: Add all parameters for correct functionability!",
    "group": "Activity Rewards Settings:"
  },

  "autoPayActiveRandom": {
    "type": "checkbox",
    "label": "Use random payment settings?",
    "value": false,
    "tooltip": "Check this to enable or disable this feature. In this mode, rewards will be given randomly, to a random active viewer, based on the settings below. NOTE: This feature is NOT YET ENABLED",
    "group": "Activity Rewards Settings:"
  },

  "payActiveRndValue": {
    "type": "numberbox",
    "label": "Maximum allowed payment:",
    "value": 150,
    "tooltip": "Enter value of max allowed payment for active users. NOTE: VIPs and subscribers recieve double of the entered value.",
    "group": "Activity Rewards Settings:"
  },

  "payActiveRndTimer": {
    "type": "slider",
    "label": "Maximum random frequency of payment (in minutes):",
    "value": 45,
    "min": 0,
    "max": 60,
    "ticks": 5,
    "tooltip": "Set the max random time for the bot to reward viewers. NOTE: This feature is NOT YET ENABLED",
    "group": "Activity Rewards Settings:"
  },

  "payActiveRndMsg": {
    "type": "textbox",
    "label": "Message for random sucessfull payout:",
    "value": "/me [BOT INFO] - {caster} is randomly giving away {0} {1} to {2} for being active on their chat!",
    "tooltip": "Enter here a custom message to show when paying. (Params: {caster} = caster name; {0} = value; {1} = channel currency; {2} = viewer list) NOTE: Add all parameters for correct functionability!",
    "group": "Activity Rewards Settings:"
  },

  "showViewers": {
    "type": "textbox",
    "value": "!viewerlist",
    "label": "Command to show the stream session viewers:",
    "tooltip": "Enter custom command to show a list stream session viwers.",
    "group": "Viewer Control:"
  },

  "showViewersPerm": {
    "type": "dropdown",
    "label": "Level permission:",
    "value": "VIP Exclusive",
    "tooltip": "Only viewers with this permission are allowed to use this command.",
    "items": ["Everyone","Regular","Subscriber","GameWisp Subscriber","VIP Exclusive", "VIP+","Moderator","Editor","Caster"],
    "group": "Viewer Control:"
  },

  "showViewersBtn": {
    "type": "button",
    "label": "Click to show all saved viewers",
    "tooltip": "Creates a log file with all saved viewers.",
    "function": "LogViewers",
    "wsevent": "",
    "group": "Viewer Control:"
  },

  "excViewerLst": {
    "type": "textbox",
    "value": "nightbot;moobot;streamelements",
    "label": "Exclude bots/users:",
    "tooltip": "Exclude these account from earning with payactives. (Use \";\" as separator)",
    "group": "Viewer Control:"
  },

  "delOneViewer": {
    "type": "textbox",
    "value": "",
    "label": "Name of the viewer to delete:",
    "tooltip": "Enter the name of the viewer to delete from this database.",
    "group": "Viewer Control:"
  },

  "delOneViewerBtn": {
    "type": "button",
    "label": "Delete selected viewer",
    "tooltip": "Click here to delete the the selected viewer. Don't forget to save settings before pressing this button.",
    "function": "DelSelViewer",
    "wsevent": "",
    "group": "Viewer Control:"
  },

  "safeDel": {
    "type": "checkbox",
    "value": "false",
    "label": "I am sure I want to remove all viewer data.",
    "tooltip": "Check this and save settings before pressing the button below ONLY if you want to erease all your viewers data.",
    "group": "Viewer Control:"
  },

  "delAllViewersBtn": {
    "type": "button",
    "label": "Delete All Viewers",
    "tooltip": "Click here to delete the complete saved viewer list.",
    "function": "DelAllViewers",
    "wsevent": "",
    "group": "Viewer Control:"
  },

  "devWeb": {
    "type": "button",
    "label": "Visit my Site",
    "tooltip": "Opens your browser and loads my homepage.",
    "function": "OpenWebSite",
    "wsevent": "",
    "group": "Support"
  },

  "readFile": {
    "type": "button",
    "label": "Open ReadMe.txt",
    "tooltip": "Opens the ReadMe.txt file",
    "function": "ReadMeFile",
    "wsevent": "",
    "group": "Support"
  },

  "changeLog": {
    "type": "button",
    "label": "Changelog",
    "tooltip": "Opens the ChangeLog.txt file",
    "function": "ChangesFile",
    "wsevent": "",
    "group": "Support"
  }

}
