﻿{
    "viewers": {
        "aladar": "2019/10/04 - 14:27:52", 
        "alfredjudokus100289": "2019/10/26 - 09:03:27", 
        "alfredjudokus817": "2019/10/08 - 21:55:25", 
        "alphaduplo": "2019/11/09 - 21:17:40", 
        "angeloflight": "2019/10/04 - 15:43:54", 
        "anjinha_prata": "2019/10/08 - 21:54:23", 
        "anotherttvviewer": "2019/10/06 - 23:03:14", 
        "ariebelles": "2019/11/01 - 20:23:01", 
        "batatafritabr123": "2019/10/08 - 21:49:25", 
        "batman107": "2019/09/27 - 00:58:43", 
        "big_beaz": "2019/10/14 - 02:01:13", 
        "blackychan978": "2019/11/11 - 01:35:35", 
        "bloodlustr": "2019/10/04 - 13:59:52", 
        "chirlesvladimir": "2019/09/25 - 20:08:57", 
        "chutenosbois": "2019/10/20 - 18:38:44", 
        "commanderroot": "2019/09/25 - 20:58:43", 
        "communityshowcase": "2019/10/04 - 13:57:52", 
        "criptogirl": "2019/10/08 - 21:43:24", 
        "cyclemotion": "2019/10/23 - 20:48:15", 
        "d4rkr4yn3": "2019/10/19 - 21:00:44", 
        "dinu": "2019/11/17 - 20:24:03", 
        "doritossauro": "2019/11/25 - 00:04:58", 
        "eccentricfennec": "2019/10/31 - 23:32:49", 
        "ederjck": "2019/10/08 - 21:49:26", 
        "electricallongboard": "2019/10/04 - 16:23:55", 
        "estarkee": "2019/10/08 - 21:55:26", 
        "eusouhidratada": "2019/10/23 - 23:28:18", 
        "fa_da_crypto": "2019/10/08 - 21:47:17", 
        "fernando_80_souza": "2019/10/08 - 21:48:27", 
        "filliperds": "2019/10/17 - 21:44:26", 
        "flamingketchup1": "2019/10/20 - 20:55:26", 
        "gorilaplanet": "2019/10/08 - 22:07:26", 
        "gusouza2000": "2019/10/08 - 21:49:26", 
        "gzipped": "2019/11/03 - 22:23:26", 
        "ham_slammich": "2019/10/14 - 02:01:13", 
        "iamplagues": "2019/10/20 - 21:41:28", 
        "imdamermaidqueen": "2019/10/16 - 02:52:17", 
        "jperez277": "2019/11/24 - 21:08:55", 
        "kalashnikovguill": "2019/10/28 - 01:14:33", 
        "karalena": "2019/10/04 - 14:23:44", 
        "kelma_rola": "2019/10/08 - 21:55:27", 
        "laf21": "2019/10/11 - 17:04:58", 
        "land3r": "2019/10/12 - 19:25:11", 
        "leonardotjn": "2019/10/08 - 21:45:08", 
        "lpokenix": "2019/10/08 - 21:44:42", 
        "lurxx": "2019/09/25 - 21:24:39", 
        "matheuslipemelo": "2019/11/01 - 21:01:52", 
        "mattmongaming": "2019/10/08 - 22:59:29", 
        "melsbagolol": "2019/10/08 - 21:47:24", 
        "morceg0": "2019/10/13 - 23:19:04", 
        "mrmariposa_feo": "2019/10/16 - 01:04:13", 
        "myalso20": "2019/10/08 - 23:25:48", 
        "p0lizei_": "2019/10/08 - 22:49:29", 
        "pamonhaawvvvv": "2019/10/11 - 22:03:12", 
        "pegasusqti": "2019/10/08 - 21:45:34", 
        "pizzamaid": "2019/10/20 - 18:58:44", 
        "preugenio": "2019/10/20 - 20:22:47", 
        "queenangell": "2019/10/08 - 21:45:05", 
        "rajadinho": "2019/10/23 - 23:29:24", 
        "randombystanderhere": "2019/10/16 - 01:08:07", 
        "randomxness": "2019/10/04 - 14:10:26", 
        "sabrinabynna": "2019/10/08 - 21:45:07", 
        "schappler": "2019/09/25 - 20:00:42", 
        "sebivine": "2019/10/26 - 19:04:53", 
        "skizordrone": "2019/11/11 - 00:46:47", 
        "skyewasthelimit": "2019/10/14 - 01:58:00", 
        "stroier1": "2019/10/14 - 02:01:14", 
        "techturtlex": "2019/09/25 - 20:58:44", 
        "unicornpoo22": "2019/10/14 - 01:59:12", 
        "urububrancoo": "2019/10/12 - 20:17:02", 
        "v_and_k": "2019/10/08 - 21:49:27", 
        "vexcate": "2019/11/07 - 02:26:12", 
        "virgoproz": "2019/10/08 - 21:49:28", 
        "von_schappler": "2019/09/24 - 21:24:13", 
        "vonschappler_bot": "2019/09/24 - 20:06:36", 
        "vonschapplertv": "2019/09/26 - 18:33:22", 
        "widowmath": "2019/11/03 - 23:18:01", 
        "winsock": "2019/09/25 - 20:58:44", 
        "wyattmahan": "2019/10/16 - 02:46:16", 
        "xbahamut": "2019/10/22 - 22:25:58", 
        "zanekyber": "2019/10/04 - 14:43:52", 
        "zetaman": "2019/10/14 - 02:01:15"
    }
}