﻿{
  "output_file": "settings.json", 
  "multiMsg": {
    "type": "textbox", 
    "value": "/me {caster} is currently Multi-Streaming with {friends} at {link} ! Click the link to a multi-view of {game}!", 
    "label": "Message to send in chat:", 
    "tooltip": "Enter your custom message: (Params: {caster} = caster name, {friends} = other streamers, {link} = link to watch, {game} = game you are playing) NOTE: Add all parameters for correct functionability.", 
    "group": "General Settings:"
  }, 
  "multiFriends": {
    "type": "textbox", 
    "value": "caster1", 
    "label": "Friends you are streaming with:", 
    "tooltip": "Enter the name of the casters you are going to multistream with, separated by space.", 
    "group": "General Settings:"
  }, 
  "multiProvider": {
    "type": "dropdown", 
    "label": "Site for Multi-Streaming:", 
    "value": "MultiTwitch_LIVE ( id = 1 )", 
    "tooltip": "Select your preferred provider and save the settings.", 
    "items": [
      "Custom ( id = 0 )", 
      "MultiTwitch_LIVE ( id = 1 )", 
      "MultiTwitch_TV ( id = 2 )", 
      "MultiStre_AM ( id = 3 )", 
      "TwitchTheater_TV ( id = 4 )"
    ], 
    "group": "General Settings:"
  }, 
  "multiCustom": {
    "type": "textbox", 
    "label": "Custom Multi-Streaming site: ", 
    "value": "example.provider", 
    "tooltip": "Enter the url of the custom provider to be used without \"http://\". The value here depends on the provider you are using.", 
    "group": "General Settings:"
  }, 
  "multiGame": {
    "type": "textbox", 
    "value": "auto", 
    "label": "Game to play with friends:", 
    "tooltip": "Enter the name of the game you are playing. Save settings after changing this field. If no game is set, the bot will automatically get your current game from stream.", 
    "group": "General Settings:"
  }, 
  "setMultiOn": {
    "type": "textbox", 
    "value": "!setmultion", 
    "label": "Command to set/enable the Multi-Stream link:", 
    "tooltip": "Enter your custom command. NOTE: This command is used by moderators and above permission ranks.", 
    "group": "Command Settings:"
  }, 
  "setMultiOff": {
    "type": "textbox", 
    "value": "!setmultioff", 
    "label": "Command to disale the Multi-Stream link:", 
    "tooltip": "Enter your custom command. NOTE: This command is used by moderators and above permission ranks.", 
    "group": "Command Settings:"
  }, 
  "setMultiGame": {
    "type": "textbox", 
    "value": "!setmultigame", 
    "label": "Command to set game manually:", 
    "tooltip": "Enter your custom command. NOTE: This command is used by moderators and above permission ranks.", 
    "group": "Command Settings:"
  }, 
  "setMultiProvider": {
    "type": "textbox", 
    "value": "!setmultisite", 
    "label": "Command to set site manually:", 
    "tooltip": "Enter your custom command. NOTE: This command is used by moderators and above permission ranks.", 
    "group": "Command Settings:"
  }, 
  "multiDisplay": {
    "type": "textbox", 
    "value": "!multi", 
    "label": "Command to send Multi-Stream link in chat:", 
    "tooltip": "Enter your custom command to general use to show the Multi-Streaming link.", 
    "group": "Command Settings:"
  }, 
  "multiUserCD": {
    "type": "slider", 
    "label": "User cooldown (in minutes):", 
    "value": 5, 
    "min": 0, 
    "max": 15, 
    "ticks": 1, 
    "tooltip": "User cooldown for !multi usage in chat.", 
    "group": "Command Settings:"
  }, 
  "multiAutoMsg": {
    "type": "checkbox", 
    "value": true, 
    "label": "Allow to send auto Multi-Stream link?", 
    "tooltip": "Check this to enable or disable this feature.", 
    "group": "AutoMessage Settings:"
  }, 
  "multiAutoCD": {
    "type": "slider", 
    "label": "Cooldown for auto Multi-Stream link post in chat (in minutes):", 
    "value": 15, 
    "min": 0, 
    "max": 60, 
    "ticks": 5, 
    "tooltip": "Time interval between auto Multi-Streaming link message on chat.", 
    "group": "AutoMessage Settings:"
  }, 
  "printLog": {
    "type": "checkbox", 
    "value": false, 
    "tooltip": "Check this to enable or disable this feature.", 
    "label": "Display Script log in the ChatBot?", 
    "group": "ScriptLog Settings:"
  }, 
  "autoLog": {
    "type": "checkbox", 
    "value": false, 
    "tooltip": "Check this to enable or disable this feature.", 
    "label": "AutoSave ScriptLog file?", 
    "group": "ScriptLog Settings:"
  }, 
  "saveScriptLog": {
    "type": "button", 
    "label": "Save ScriptLog file", 
    "tooltip": "Manually saves ScriptLog file", 
    "function": "LogFile", 
    "wsevent": "", 
    "group": "ScriptLog Settings:"
  }, 
  "showLogFileDir": {
    "type": "button", 
    "label": "Open ScriptLog Directory", 
    "tooltip": "Opens the directory with your saved ScriptLog files.", 
    "function": "OpenLogDir", 
    "wsevent": "", 
    "group": "ScriptLog Settings:"
  }, 
  "devWeb": {
    "type": "button", 
    "label": "Visit my Site", 
    "tooltip": "Opens your browser and loads my homepage.", 
    "function": "OpenWebSite", 
    "wsevent": "", 
    "group": "Support:"
  }, 
  "readFile": {
    "type": "button", 
    "label": "Open ReadMe.txt", 
    "tooltip": "Opens the ReadMe.txt file", 
    "function": "ReadMeFile", 
    "wsevent": "", 
    "group": "Support:"
  }, 
  "changeLog": {
    "type": "button", 
    "label": "Changelog", 
    "tooltip": "Opens the ChangeLog.txt file", 
    "function": "ChangesFile", 
    "wsevent": "", 
    "group": "Support:"
  }
}